id,name,description,price,stock,image_url
1,Past Rule,Green chair argue away building a color our.,193.63,6,https://via.placeholder.com/150
2,Senior Feeling,Natural parent professional from resource data choice themselves lead several without worry research care in.,223.76,62,https://via.placeholder.com/150
3,Ok Hope,Prepare budget her fire information benefit yard.,70.85,188,https://via.placeholder.com/150
4,Later Almost,Month start level course once push radio think also deep source contain run build chance.,35.24,189,https://via.placeholder.com/150
5,Area Skin,Before represent month mean huge upon peace nation meeting left how.,268.19,22,https://via.placeholder.com/150
6,Bill Business,Inside agree hundred happy moment defense money.,179.2,8,https://via.placeholder.com/150
7,Range Opportunity,Fall detail to people rest still guess blue listen on several.,13.79,55,https://via.placeholder.com/150
8,Describe Everyone,Table reveal find score argue food decision election seat others per.,73.63,154,https://via.placeholder.com/150
9,Such Feel,Alone pass pressure together focus part figure morning.,12.83,50,https://via.placeholder.com/150
10,Couple High,Would account campaign ever interview modern seek eight goal edge.,216.23,179,https://via.placeholder.com/150
11,Former Decide,Ever figure research word study season day store really marriage.,165.76,56,https://via.placeholder.com/150
12,Detail Modern,Stuff positive affect tough act level help.,137.52,71,https://via.placeholder.com/150
13,Size Size,Without know seek structure alone ahead right now seem certain threat.,243.78,1,https://via.placeholder.com/150
14,Ten Though,Government quite fill soldier clearly reflect lay north mean start.,228.85,40,https://via.placeholder.com/150
15,Set Involve,Out wait responsibility buy difference time down.,210.95,87,https://via.placeholder.com/150
16,Including Thus,South fight follow herself star raise list bag line guy method.,86.97,55,https://via.placeholder.com/150
17,None Help,Society leader how piece amount foreign in even whom pick.,287.38,86,https://via.placeholder.com/150
18,Stop Wide,Office scene reason close hold different case.,35.15,97,https://via.placeholder.com/150
19,Full Interesting,Interest sell evidence appear tree far amount family no part future research.,33.53,88,https://via.placeholder.com/150
20,Sort Economic,Product manager learn inside store after view father head sound enter truth.,183.1,11,https://via.placeholder.com/150
21,Save Force,Road pretty consumer my anything result face baby finally line join.,220.27,137,https://via.placeholder.com/150
22,His Public,Call general weight first scientist animal huge put cost worker others expert break create.,41.82,96,https://via.placeholder.com/150
23,Personal She,Father interview lot two difficult hotel technology traditional management.,28.25,75,https://via.placeholder.com/150
24,Responsibility Local,Home someone maybe stage sea adult consumer.,249.67,158,https://via.placeholder.com/150
25,Argue Key,Eat think oil need past nothing they effort by PM must rather.,266.21,92,https://via.placeholder.com/150
26,Each Whether,Capital special week lot skill little animal economy wrong information property decision system ground however.,175.32,180,https://via.placeholder.com/150
27,Wear Exactly,About continue approach find government society kind which they much cell focus.,25.52,169,https://via.placeholder.com/150
28,Magazine Notice,Environmental under factor let boy staff later factor.,72.23,74,https://via.placeholder.com/150
29,Edge Including,Theory general resource coach establish according seem whether official.,295.64,59,https://via.placeholder.com/150
30,Professional Safe,Pretty challenge half according fly coach side benefit record board friend whatever then office.,260.61,97,https://via.placeholder.com/150
31,Say Money,Environment good your sign evidence quickly hour morning yard already usually space raise sort.,87.0,162,https://via.placeholder.com/150
32,Score Others,Sport many whom receive fire bill know condition method until southern Mr beat.,251.06,41,https://via.placeholder.com/150
33,Work Management,If ten avoid physical project member any deep these Democrat bad your test first law must.,114.2,53,https://via.placeholder.com/150
34,Road Outside,Day Democrat mother summer pay with view perhaps air prevent see.,202.7,179,https://via.placeholder.com/150
35,Resource Minute,Born everyone write along similar evening he.,281.31,165,https://via.placeholder.com/150
36,Your Run,Couple political on yourself wish traditional today song important general find policy ask morning certain.,26.06,162,https://via.placeholder.com/150
37,Question Over,Player establish special represent foreign always station reason five company others focus.,55.49,186,https://via.placeholder.com/150
38,Republican College,Recent night true west while people data item life level situation so suddenly.,77.22,118,https://via.placeholder.com/150
39,Huge Produce,Mean too before manager say possible and those rich bed cause treat soon oil six follow.,116.94,163,https://via.placeholder.com/150
40,Billion Science,Lot south whatever camera minute front drop learn than world design.,208.01,56,https://via.placeholder.com/150
